ID of Lab,Name of Lab,Name of PI,Name of Institution,Country of Institution,Webpage,Ancient Metagenomics Research Focus,Active,Longitude,Latitude
MSS,Microbiome Sciences,Prof. Christina Warinner,Max-Planck-Institut für evolutionäre Anthropologie,Germany,http://christinawarinner.com/,host-associated,☑,12.3966546802915,51.3223889802915
MPS,Microbial Paleogenomics,Dr. Nicolás Rascovan,Institut Pasteur,France,https://research.pasteur.fr/en/team/microbial-paleogenomics/,"host-associated,microbial-genomics",☑,2.3122407802915,48.8421234802915
GIL,Guschanski Lab,Dr. Katerina Guschanski,University of Edinburgh,United Kingdom,https://www.ieg.uu.se/animal-ecology/Research+groups/guschanski-lab/guschanski-people/,host-associated,☑,55.9458647802915,55.9458647802915
MAH,MicroARCH,Dr. Laura Weyrich,Penn State University,United States,https://microarchlab.github.io/,microbial-genomics,☑,-77.8585594197085,40.7995622802915
MRN,GenSCAPE Lab,Dr. Maanasa Raghavan,University of Chicago,United States,https://www.genscape-lab.com/,microbial-genomics,☑,-87.5973643197085,41.7899568802915
UTIG,aDNA lab UTIG,Dr. Christiana L. Scheib,"Tartu Ülikool, Genoomika Instituut",Estonia,https://genomics.ut.ee/en/research/estonian-biocentre,host-associated,☑,26.7212148802915,58.3824332802915
PSD,Crick Ancient Genomics,Dr. Pontus Skoglund,Francis Crick Institute,United Kingdom,www.skoglundlab.org,host-associated,☑,-0.127396519708498,51.5329987802915
UCONN,UCONN Genomic Anthropology Lab,Dr. Deborah Bolnick,University of Connecticut,United States,https://anthropology.uconn.edu/person/deborah-bolnick/,microbial-genomics,☑,-72.2518245197085,41.8110678802915
LAM,Laboratorio de Antropología Molecular,Dr. Angélica González,Univesidad Nacional Autónoma de México,Mexico,http://biologia.fciencias.unam.mx/biolcel/atb/index.htm,host-associated,☑,-99.179089,19.324072
CPG,Centre for Palaeogenetics,Prof. Anders Götherström,Stockholm University,Sweden,http://palaeogenetics.com/,"microbial-genomics,host-associated",☑,18.057638,59.36195
APS,Ancient Pathogenomics,Dr. Alexander Herbig,Max-Planck-Institut für evolutionäre Anthropologie,Germany,https://www.eva.mpg.de/index/,host-associated,☑,12.3966546802915,51.3223889802915
PHN,Heintzman Lab,Dr. Peter Heintzman,UiT – Norges arktiske universitet,Norway,https://sites.google.com/view/peteheintzman/,environmental,☑,18.9725650802915,69.6811516802915
HPGL,UCSC Human Paleogenomics Lab,Dr. Lars Fehren-Schmitz,"University of California, Santa Cruz",United States,https://ucschpg.wordpress.com/,microbial-genomics,☑,-122.056860319709,36.9893992802915
EPS,Evolutionary Pathogenomics,Dr. Felix M. Key,Max-Planck-Institut für Infektionsbiologie,Germany,https://www.mpiib-berlin.mpg.de/2003543/key-lab,microbial-genomics,☑,13.3770731802915,52.5264889802915
PBT,Paleobiotechnology,Dr. Pierre Stallforth,Leibniz-Institut für Naturstoff-Forschung und Infektionsbiologie Hans-Knöll-Institut,Germany,https://stallforth-lab.de/,host-associated,☑,11.5742225802915,50.9102864802915
MGS,Microbial Genomics,Dr. Lucy van Dorp,University College London Genetics Institute,United Kingdom,https://www.ucl.ac.uk/~ucbpvan/,microbial genomics,☑,-0.132691119708498,51.5259081802915
MAC,McMaster Ancient DNA Centre,Dr. Hendrik Poinar,McMaster University,Canada,https://socialsciences.mcmaster.ca/mcmaster-ancient-dna-centre,microbial-genomics,☑,-79.9178764197085,43.2622279802915
MPY,Molecular Palaeopathology,Dr. Kirsten Bos,Max-Planck-Institut für evolutionäre Anthropologie,Germany,https://kirstenbos.ca/,microbial-genomics,☑,12.3966546802915,51.3223889802915
PGP,Paleogenetics Group,Assoc. Prof. Verena Schuenemann,Universität Zürich,Switzerland,https://www.iem.uzh.ch/en/research/paleogenetics_group_sch%C3%BCnemann.html,microbial-genomics,☑,8.5523301802915,47.3756710802915
PBN,Palaeobarn,Prof. Greger Larson,University of Oxford,United Kingdom,https://www.palaeobarn.com/,microbial-genomics,☑,-1.2530178197085,51.7561653802915
SNE,Stone Lab,Prof. Anne Stone,Arizona State University,USA,https://stone.lab.asu.edu/,microbial-genomics,☑,-112.070634319709,33.4545654802915
AAN,Achtman Lab,Prof. Mark Achtman,"Warwick Medical School, University of Warwick",United Kingdom,https://www2.warwick.ac.uk/fac/med/research/tsm/microinfect/staff/achtmanlab/,"microbial-genomics,host-associated",☑,-1.5492727197085,52.3761174802915
AGES,"Archaeology, Genomics, Evolution and Societies",Prof. Ludovic Orlando,"Faculté de Médecine Purpan, Université Toulouse III",France,https://cagt.cnrs.fr/ages/,"microbial-genomics,host-associated",☑,1.4512546802915,43.5957794802915
IMS,Institute for Mummy Studies,Dr. Albert Zink,"Institute for Mummy Studies, EURAC",Italy,https://www.eurac.edu/en/institutes-centers/institute-for-mummy-studies,"microbial-genomics,host-associated",☑,11.3486916802915,46.4959135802915
GTO,Toranzo Lab,Prof. Gary Toranzo,"Universidad de Puerto Rico - Recinto de Río Piedras, Avenida Universidad, San Juan, Puerto Rico",Puerto Rico,http://brtc.uprrp.edu/marc/index.php/menu/gary-toranzos-ph-d/,host-associated,☑,-66.0486917197085,18.4041580802915
CMS,Computational Metagenomics Lab,Prof. Nicola Segata,"CIBIO, Università Di Trento",Italy,http://segatalab.cibio.unitn.it/contacts.html,"host-associated,microbial-genomics",☑,11.1515911802915,46.0695318802915
HMS,Holomuseomics,Assoc. Prof. Michael D. Martin,NTNU Vitenskapsmuseet,Norway,https://www.ntnu.edu/museum/holomuseomics#/view/about,host-associated,☑,10.3877934802915,63.4304107802915
LMAMR,Lewis Working Group,Prof. Cecil Lewis,University of Oklahoma,USA,http://courtneyhofman.com/,host-associated,☑,-97.4443647197085,35.2072425802915
LMAMR,Hofman Working Group,Assis. Prof. Courtney Hofman,University of Oklahoma,USA,https://lmamr.org/,host-associated,☑,-97.4443647197085,35.2072425802915
CMA,Centre of Moleucular Anthropology for Ancient DNA studies,Dr. Claudio Ottoni,University of Rome Tor Vergata,Italy,https://web.uniroma2.it/en,host-associated,☑,12.6300251802915,41.8549890802915
ARS,Reynolds Lab,Dr. Austin Reynolds,Baylor University,United States,https://www.reynoldslab.org/,environmental,☑,-97.1117083197085,31.5502412802915
PEG,Population & Evolutionary Genomics,Dr. Maria Ávila Arcos,Univesidad Nacional Autónoma de México,Mexico,https://liigh.unam.mx/mavila/,"host-associated, microbial-genomics, environmental",☑,-100.446854,20.700131
SRA,Sikora Group,Assoc. Prof. Martin Sikora,"GeoGenetics, GLOBE Institute, Københavns Universitet",Denmark,https://globe.ku.dk/research/geogenetics/sikora-group/,microbial-genomics,☑,12.5784967802915,55.6885176802915
PEL,Paleo-Environmental Genomics Group,Assis. Prof. Mikkel Winther Pedersen,"GeoGenetics, GLOBE Institute, Københavns Universitet",Denmark,https://globe.ku.dk/research/geogenetics/paleo-environmental-genomics-group/,environmental,☑,12.5784967802915,55.6885176802915
MES,Microbial EcoGenomics Group,Assis. Antonio Fernandez-Guerra,"GeoGenetics, GLOBE Institute, Københavns Universitet",Denmark,https://globe.ku.dk/research/geogenetics/microbial-ecogenomics-group/,host-associated,☑,12.5784967802915,55.6885176802915
WEV,Willerslev Group,Prof. Eske Willerslev,"GeoGenetics, GLOBE Institute, Københavns Universitet",Denmark,https://globe.ku.dk/research/geogenetics/willerslev-group/,microbial-genomics,☑,12.5784967802915,55.6885176802915
SER,Schroeder Group,Assoc. Prof. Hannes Schroeder,"EvoGenomics, GLOBE Institute, Københavns Universitet",Denmark,https://globe.ku.dk/research/evogenomics/schroeder-group/,host-associated,☑,12.5784967802915,55.6885176802915
GRT,Gilbert Group,Prof. Tom Gilbert,"EvoGenomics, GLOBE Institute, Københavns Universitet",Denmark,https://globe.ku.dk/research/evogenomics/gilbert-group/,microbial-genomics,☑,12.5784967802915,55.6885176802915
HGS,Historical and Prehistorical Genetics Laboratory,Dr. Vivane Slon,Universitat Tel Aviv,Israel,https://www.tau.ac.il/~viviane/,environmental,☑,34.8057366802915,32.1146630802915
ARH,Ancient DNA Research,Prof. Ben Krause-Kyora,"Institute of Clinical Molecular Biology, Christian-Albrechts-Universität zu Kiel",Germany,https://www.ikmb.uni-kiel.de/research/junior-research-groups/ancient-dna-research,microbial-genomics,☑,10.1160511802915,54.3474038802915
PGS,Paleogenomics Lab,Carles Lalueza-Fox,"L'Institut de Biologia Evolutiva, Universitat Pompeu Fabra",Spain,https://www.ibe.upf-csic.es/lalueza,microbial-genomics,☑,2.1811476802915,41.3803282802915
ELTP,Ecobio Lab Team Palaeogenomics,Dr. Morgane Ollivier,Unviersity of Rennes 1 / CNRS,France,https://ecobio.univ-rennes1.fr/evolution-des-genomes-traits-dhistoire-de-vie-et-adaptation,"host-associated, microbial-genomics, environmental",☑,-1.638029,48.118107
